coffee,juice,bread,flour,,
cheese,milk,bread,yogurt,,
eggs,chocolate,juice,yogurt,,
milk,,,,,
sugar,juice,cheese,,,
cereal,sugar,coffee,butter,chocolate,
jam,,,,,
cheese,milk,tea,,,
bread,eggs,yogurt,fruit,butter,
butter,coffee,,,,
fruit,jam,butter,,,
sugar,cereal,coffee,,,
eggs,butter,sugar,jam,,
butter,jam,sugar,,,
eggs,milk,bread,,,
tea,milk,flour,fruit,coffee,
bread,eggs,jam,tea,,
jam,bread,,,,
sugar,coffee,butter,,,
juice,,,,,
flour,jam,cheese,,,
coffee,juice,sugar,yogurt,milk,
cheese,bread,,,,
juice,coffee,yogurt,cereal,jam,
cereal,tea,flour,eggs,,
flour,sugar,yogurt,milk,,
juice,tea,sugar,eggs,coffee,flour
flour,tea,yogurt,,,
eggs,jam,yogurt,coffee,,
jam,cereal,fruit,tea,flour,sugar
flour,,,,,
flour,bread,fruit,juice,cereal,chocolate
chocolate,sugar,,,,
bread,,,,,
eggs,juice,yogurt,,,
coffee,,,,,
eggs,flour,yogurt,,,
coffee,yogurt,jam,milk,,
eggs,yogurt,sugar,bread,,
yogurt,milk,tea,cheese,,
sugar,yogurt,milk,cereal,,
flour,,,,,
fruit,sugar,butter,juice,,
eggs,cheese,fruit,coffee,tea,
eggs,tea,coffee,flour,,
cereal,fruit,bread,,,
jam,bread,chocolate,coffee,sugar,
tea,sugar,flour,bread,juice,
jam,chocolate,tea,sugar,yogurt,
bread,cereal,,,,
cheese,juice,eggs,,,
yogurt,tea,eggs,sugar,,
jam,milk,,,,
eggs,bread,flour,juice,coffee,
juice,cheese,chocolate,yogurt,,
juice,coffee,butter,,,
juice,yogurt,tea,cheese,fruit,
butter,milk,bread,cereal,,
eggs,tea,milk,sugar,butter,
bread,flour,juice,jam,,
cheese,,,,,
jam,milk,tea,chocolate,eggs,juice
butter,tea,bread,yogurt,,
juice,sugar,flour,,,
yogurt,milk,fruit,,,
butter,bread,sugar,coffee,fruit,flour
butter,tea,cheese,yogurt,,
coffee,eggs,,,,
jam,,,,,
butter,yogurt,flour,,,
cheese,eggs,milk,coffee,juice,chocolate
fruit,yogurt,eggs,tea,sugar,juice
cereal,coffee,fruit,milk,,
cheese,coffee,tea,eggs,yogurt,flour
sugar,fruit,coffee,,,
coffee,cereal,,,,
juice,eggs,,,,
tea,juice,cheese,,,
jam,yogurt,coffee,,,
fruit,coffee,butter,,,
juice,,,,,
coffee,fruit,sugar,,,
sugar,cheese,jam,butter,coffee,
eggs,bread,,,,
flour,juice,jam,cheese,,
flour,sugar,jam,juice,,
jam,bread,cheese,,,
chocolate,,,,,
fruit,cereal,jam,bread,chocolate,
sugar,flour,tea,,,
fruit,cereal,juice,cheese,eggs,milk
butter,juice,bread,fruit,coffee,eggs
yogurt,milk,sugar,,,
eggs,,,,,
sugar,,,,,
cheese,jam,coffee,fruit,yogurt,chocolate
coffee,fruit,jam,tea,butter,
bread,,,,,
cereal,milk,fruit,cheese,sugar,yogurt
fruit,sugar,cheese,,,
tea,butter,,,,
yogurt,,,,,
eggs,,,,,
tea,juice,butter,cheese,milk,eggs
yogurt,butter,flour,juice,,
bread,butter,tea,jam,juice,yogurt
sugar,butter,eggs,chocolate,yogurt,flour
tea,cereal,eggs,,,
sugar,chocolate,flour,,,
bread,cereal,juice,flour,,
tea,juice,coffee,cereal,cheese,jam
milk,flour,sugar,,,
milk,yogurt,,,,
eggs,fruit,coffee,butter,yogurt,
sugar,juice,milk,coffee,flour,butter
juice,,,,,
eggs,sugar,cereal,,,
fruit,yogurt,eggs,chocolate,,
butter,eggs,cheese,cereal,sugar,coffee
flour,jam,,,,
cheese,fruit,eggs,,,
butter,juice,,,,
bread,fruit,yogurt,jam,juice,tea
jam,coffee,cereal,sugar,milk,fruit
butter,flour,cereal,yogurt,cheese,bread
fruit,juice,,,,
tea,fruit,,,,
chocolate,flour,,,,
yogurt,cheese,flour,,,
juice,bread,sugar,,,
eggs,cheese,butter,chocolate,,
sugar,chocolate,fruit,cereal,,
chocolate,,,,,
coffee,juice,,,,
milk,coffee,yogurt,chocolate,cereal,butter
fruit,sugar,,,,
sugar,,,,,
tea,sugar,coffee,bread,butter,jam
eggs,,,,,
fruit,cheese,sugar,butter,chocolate,
jam,fruit,,,,
eggs,juice,fruit,coffee,milk,cheese
tea,butter,cereal,yogurt,eggs,flour
butter,sugar,juice,tea,chocolate,fruit
yogurt,sugar,,,,
jam,flour,fruit,milk,,
yogurt,butter,,,,
eggs,cereal,coffee,bread,,
butter,eggs,flour,sugar,yogurt,
yogurt,sugar,tea,cheese,bread,fruit
flour,milk,eggs,coffee,,
cheese,eggs,butter,bread,yogurt,coffee
milk,,,,,
butter,,,,,
tea,butter,cheese,,,
juice,eggs,cheese,milk,tea,
tea,coffee,flour,,,
eggs,juice,chocolate,flour,jam,cheese
cereal,cheese,eggs,tea,juice,fruit
tea,flour,cereal,sugar,butter,
yogurt,cereal,milk,butter,,
fruit,,,,,
cheese,coffee,yogurt,,,
coffee,fruit,cereal,chocolate,sugar,cheese
bread,juice,,,,
fruit,coffee,tea,bread,,
yogurt,chocolate,cheese,,,
milk,cheese,,,,
butter,juice,chocolate,,,
jam,butter,coffee,flour,eggs,bread
bread,coffee,eggs,sugar,tea,
jam,eggs,tea,,,
bread,cereal,fruit,milk,yogurt,juice
yogurt,eggs,jam,cheese,tea,
cheese,yogurt,jam,,,
coffee,,,,,
cheese,coffee,,,,
coffee,yogurt,sugar,tea,,
cheese,butter,,,,
fruit,bread,,,,
flour,chocolate,bread,jam,eggs,coffee
cheese,bread,chocolate,,,
cheese,sugar,tea,cereal,butter,flour
flour,chocolate,coffee,,,
coffee,cereal,,,,
flour,cereal,chocolate,,,
milk,sugar,bread,jam,cereal,butter
cereal,butter,tea,,,
flour,tea,butter,,,
juice,cheese,coffee,,,
yogurt,tea,juice,fruit,,
coffee,cereal,,,,
juice,chocolate,yogurt,milk,cereal,coffee
jam,yogurt,,,,
eggs,milk,chocolate,,,
milk,butter,,,,
fruit,jam,coffee,butter,,
chocolate,fruit,,,,
coffee,jam,yogurt,sugar,bread,tea
chocolate,cereal,,,,
milk,cheese,yogurt,bread,juice,cereal
cheese,sugar,bread,jam,chocolate,flour
butter,cheese,eggs,milk,,
sugar,cereal,eggs,chocolate,,
coffee,cereal,chocolate,fruit,juice,eggs
juice,flour,sugar,bread,yogurt,cereal
butter,juice,cheese,tea,bread,
eggs,flour,sugar,tea,coffee,juice
flour,tea,eggs,yogurt,butter,juice
juice,eggs,jam,cereal,sugar,
coffee,milk,flour,sugar,cheese,
cereal,sugar,eggs,,,
juice,eggs,,,,
tea,fruit,coffee,milk,cheese,jam
milk,fruit,yogurt,flour,jam,cheese
jam,cereal,eggs,sugar,butter,
sugar,bread,flour,fruit,,
tea,milk,juice,flour,jam,eggs
flour,tea,milk,bread,jam,
sugar,yogurt,tea,jam,,
sugar,coffee,,,,
tea,cereal,butter,,,
chocolate,jam,cheese,fruit,bread,
cheese,juice,chocolate,butter,eggs,
yogurt,flour,tea,milk,bread,
yogurt,jam,flour,butter,juice,cereal
tea,sugar,chocolate,,,
flour,milk,bread,sugar,,
milk,chocolate,coffee,yogurt,cereal,jam
juice,eggs,tea,,,
jam,coffee,sugar,chocolate,eggs,bread
coffee,bread,yogurt,eggs,,
milk,coffee,,,,
juice,jam,flour,,,
coffee,cereal,fruit,cheese,milk,chocolate
chocolate,eggs,juice,,,
tea,,,,,
sugar,eggs,juice,jam,,
juice,,,,,
tea,coffee,yogurt,jam,cheese,
bread,tea,coffee,butter,jam,chocolate
milk,,,,,
chocolate,coffee,eggs,flour,juice,tea
chocolate,,,,,
cheese,juice,coffee,bread,fruit,
yogurt,cheese,coffee,flour,sugar,
sugar,juice,butter,cereal,,
butter,jam,sugar,,,
coffee,eggs,flour,yogurt,butter,
coffee,cheese,,,,
cheese,yogurt,,,,
tea,,,,,
tea,flour,yogurt,sugar,juice,bread
juice,cheese,milk,,,
bread,juice,cereal,flour,butter,fruit
eggs,coffee,bread,milk,jam,
butter,flour,,,,
fruit,sugar,bread,coffee,yogurt,butter
sugar,butter,cereal,fruit,,
cereal,fruit,,,,
fruit,eggs,,,,
eggs,,,,,
juice,butter,coffee,bread,,
coffee,flour,bread,milk,,
yogurt,tea,,,,
eggs,bread,butter,,,
coffee,,,,,
cereal,jam,juice,,,
eggs,milk,yogurt,,,
juice,cereal,yogurt,milk,,
milk,eggs,,,,
eggs,coffee,cheese,milk,chocolate,
cereal,yogurt,jam,butter,milk,
sugar,,,,,
eggs,fruit,tea,coffee,,
cheese,yogurt,chocolate,eggs,,
coffee,juice,tea,,,
cheese,bread,,,,
yogurt,coffee,flour,cereal,,
juice,coffee,cereal,milk,jam,
yogurt,chocolate,flour,bread,,
milk,cheese,tea,bread,,
juice,jam,,,,
cheese,,,,,
fruit,sugar,,,,
tea,juice,butter,bread,milk,
milk,sugar,eggs,coffee,butter,juice
jam,juice,,,,
yogurt,,,,,
fruit,,,,,
sugar,flour,butter,juice,milk,coffee
jam,fruit,juice,,,
cheese,cereal,chocolate,,,
jam,eggs,cereal,fruit,,
sugar,yogurt,flour,cereal,cheese,
bread,cheese,eggs,,,
flour,jam,eggs,coffee,,
coffee,,,,,
eggs,bread,coffee,cereal,juice,yogurt
cereal,,,,,
eggs,bread,,,,
fruit,,,,,
yogurt,fruit,,,,
sugar,fruit,,,,
cheese,milk,tea,fruit,coffee,
cereal,bread,,,,
milk,eggs,,,,
flour,tea,cheese,eggs,,
coffee,sugar,fruit,chocolate,tea,flour
bread,,,,,
flour,tea,jam,,,
sugar,,,,,
yogurt,sugar,,,,
jam,yogurt,coffee,milk,juice,
juice,coffee,flour,cereal,,
flour,sugar,jam,tea,eggs,yogurt
cereal,fruit,,,,
coffee,eggs,fruit,butter,sugar,flour
jam,bread,cheese,eggs,flour,sugar
cheese,tea,bread,fruit,chocolate,flour
cereal,bread,chocolate,,,
chocolate,butter,milk,cereal,eggs,sugar
yogurt,,,,,
juice,jam,flour,,,
cheese,sugar,coffee,,,
flour,milk,jam,juice,,
bread,cheese,sugar,,,
butter,cheese,,,,
butter,cheese,,,,
fruit,sugar,cheese,chocolate,butter,
butter,coffee,,,,
eggs,sugar,chocolate,cereal,fruit,
cheese,juice,bread,coffee,,
yogurt,sugar,chocolate,juice,milk,tea
sugar,juice,chocolate,,,
flour,chocolate,juice,butter,cheese,
cheese,,,,,
cheese,jam,bread,,,
butter,cereal,,,,
tea,cheese,yogurt,jam,fruit,
tea,yogurt,butter,eggs,,
fruit,coffee,eggs,juice,,
coffee,yogurt,cheese,eggs,,
flour,chocolate,coffee,,,
jam,,,,,
coffee,cheese,,,,
bread,coffee,tea,,,
milk,,,,,
coffee,yogurt,chocolate,,,
fruit,,,,,
butter,yogurt,,,,
cheese,flour,,,,
coffee,sugar,,,,
milk,cheese,tea,,,
sugar,,,,,
eggs,chocolate,tea,milk,juice,butter
tea,jam,fruit,sugar,,
milk,,,,,
eggs,chocolate,butter,flour,sugar,milk
chocolate,bread,milk,,,
sugar,butter,eggs,milk,,
eggs,juice,flour,,,
bread,flour,jam,fruit,yogurt,butter
jam,butter,tea,cheese,,
cereal,,,,,
coffee,fruit,sugar,,,
milk,butter,coffee,bread,tea,yogurt
butter,tea,jam,,,
coffee,cheese,sugar,butter,bread,fruit
juice,sugar,butter,milk,flour,
jam,fruit,cheese,butter,,
eggs,juice,fruit,bread,,
bread,flour,butter,,,
sugar,bread,coffee,chocolate,,
cheese,,,,,
eggs,jam,butter,,,
tea,cereal,,,,
eggs,chocolate,tea,flour,coffee,milk
chocolate,bread,yogurt,eggs,,
cereal,butter,chocolate,eggs,cheese,coffee
flour,cheese,yogurt,butter,eggs,milk
butter,juice,chocolate,coffee,flour,fruit
cheese,tea,bread,,,
jam,juice,,,,
cereal,juice,fruit,eggs,,
bread,fruit,juice,cheese,,
fruit,milk,yogurt,,,
jam,cereal,,,,
eggs,,,,,
fruit,tea,yogurt,eggs,cereal,sugar
sugar,yogurt,milk,chocolate,coffee,juice
cheese,eggs,cereal,flour,butter,
sugar,milk,cereal,,,
coffee,bread,yogurt,flour,cheese,cereal
chocolate,,,,,
jam,juice,cheese,tea,chocolate,yogurt
juice,yogurt,bread,coffee,eggs,
yogurt,eggs,flour,fruit,sugar,milk
eggs,coffee,,,,
fruit,flour,jam,chocolate,,
milk,butter,sugar,jam,eggs,yogurt
cereal,cheese,coffee,yogurt,milk,
cheese,tea,jam,butter,bread,
yogurt,juice,milk,fruit,bread,cereal
eggs,,,,,
jam,yogurt,bread,juice,cheese,eggs
tea,sugar,cheese,bread,eggs,yogurt
milk,sugar,fruit,,,
butter,jam,,,,
jam,butter,cereal,milk,coffee,
butter,yogurt,cheese,,,
jam,yogurt,chocolate,fruit,sugar,
coffee,tea,jam,cheese,sugar,bread
jam,,,,,
butter,flour,juice,tea,eggs,
sugar,juice,tea,yogurt,cheese,milk
cheese,cereal,milk,sugar,,
coffee,yogurt,jam,flour,butter,
tea,fruit,butter,,,
jam,fruit,butter,,,
cereal,milk,chocolate,coffee,yogurt,
cereal,eggs,chocolate,flour,cheese,juice
cereal,tea,sugar,,,
milk,,,,,
cereal,fruit,butter,yogurt,,
chocolate,tea,fruit,sugar,milk,bread
tea,cheese,eggs,cereal,chocolate,
tea,jam,flour,,,
cereal,jam,fruit,sugar,coffee,chocolate
milk,,,,,
fruit,bread,butter,,,
juice,yogurt,coffee,,,
eggs,bread,juice,fruit,yogurt,
fruit,tea,jam,bread,flour,coffee
fruit,juice,eggs,,,
fruit,chocolate,cheese,,,
flour,jam,eggs,tea,cereal,
sugar,tea,bread,yogurt,,
jam,eggs,chocolate,cereal,bread,
chocolate,eggs,butter,flour,bread,coffee
juice,fruit,tea,sugar,bread,
milk,fruit,flour,chocolate,,
bread,tea,chocolate,cereal,sugar,
sugar,eggs,coffee,yogurt,cheese,butter
chocolate,,,,,
yogurt,,,,,
sugar,flour,cereal,,,
flour,eggs,fruit,milk,,
flour,bread,cheese,,,
juice,yogurt,cereal,coffee,,
juice,tea,sugar,bread,chocolate,
cereal,,,,,
butter,chocolate,cereal,flour,,
fruit,jam,,,,
cereal,yogurt,,,,
juice,eggs,bread,cheese,jam,
cereal,bread,,,,
chocolate,fruit,yogurt,,,
fruit,coffee,juice,milk,,
fruit,tea,,,,
milk,coffee,,,,
chocolate,coffee,eggs,,,
juice,jam,bread,tea,flour,cereal
yogurt,flour,juice,jam,fruit,
chocolate,juice,butter,coffee,,
fruit,flour,jam,coffee,,
cereal,yogurt,coffee,butter,,
butter,yogurt,eggs,cheese,fruit,
butter,yogurt,eggs,chocolate,,
butter,milk,tea,flour,bread,
bread,cheese,,,,
yogurt,chocolate,juice,butter,cereal,milk
chocolate,cheese,,,,
bread,sugar,milk,cheese,,
coffee,cheese,chocolate,,,
eggs,cereal,bread,coffee,milk,
butter,cereal,,,,
jam,eggs,,,,
fruit,jam,flour,bread,butter,milk
fruit,milk,chocolate,coffee,bread,cereal
yogurt,butter,,,,
eggs,fruit,tea,,,
cheese,,,,,
tea,,,,,
butter,fruit,flour,,,
cereal,flour,,,,
milk,tea,eggs,butter,cereal,
chocolate,eggs,yogurt,milk,,
tea,milk,flour,fruit,,
flour,tea,juice,cheese,,
sugar,tea,jam,,,
flour,yogurt,sugar,bread,jam,tea
juice,eggs,jam,milk,cereal,
yogurt,,,,,
chocolate,tea,fruit,,,
eggs,tea,fruit,milk,,
coffee,juice,fruit,chocolate,milk,sugar
sugar,butter,,,,
flour,yogurt,tea,coffee,,
coffee,chocolate,milk,yogurt,juice,eggs
yogurt,,,,,
sugar,cereal,eggs,flour,,
chocolate,bread,fruit,flour,sugar,coffee
bread,,,,,
flour,tea,cereal,fruit,jam,chocolate
coffee,jam,bread,flour,,
cheese,fruit,tea,flour,,
eggs,juice,,,,
jam,yogurt,cheese,cereal,,
cereal,coffee,juice,fruit,yogurt,
sugar,milk,flour,tea,jam,eggs
cereal,coffee,,,,
juice,bread,butter,,,
fruit,tea,,,,
jam,butter,juice,fruit,bread,
cheese,,,,,
yogurt,cereal,chocolate,juice,butter,
tea,jam,sugar,,,
cheese,eggs,tea,,,
fruit,eggs,yogurt,cheese,,
sugar,eggs,cheese,fruit,chocolate,
cereal,cheese,jam,coffee,,
jam,flour,bread,,,
jam,,,,,
yogurt,,,,,
coffee,,,,,
chocolate,cereal,eggs,jam,tea,
tea,cheese,sugar,eggs,,
milk,jam,,,,
tea,cereal,milk,,,
eggs,yogurt,tea,cereal,milk,flour
butter,tea,,,,
flour,cereal,,,,
cheese,tea,jam,bread,butter,
fruit,cereal,cheese,,,
flour,eggs,yogurt,juice,,
flour,butter,tea,chocolate,,
yogurt,sugar,bread,,,
eggs,tea,fruit,juice,milk,
eggs,yogurt,bread,chocolate,cereal,
juice,butter,bread,,,
butter,milk,,,,
juice,cereal,,,,
yogurt,,,,,
fruit,,,,,
juice,yogurt,chocolate,cereal,bread,
sugar,cereal,coffee,,,
sugar,flour,,,,
sugar,cheese,bread,,,
milk,,,,,
coffee,flour,,,,
eggs,sugar,cereal,,,
fruit,flour,coffee,sugar,tea,milk
juice,chocolate,yogurt,cereal,fruit,coffee
cereal,fruit,,,,
chocolate,coffee,sugar,fruit,milk,cereal
cheese,,,,,
coffee,,,,,
cereal,butter,yogurt,tea,fruit,
tea,,,,,
coffee,,,,,
tea,sugar,,,,
yogurt,cereal,coffee,,,
coffee,chocolate,cheese,bread,juice,sugar
sugar,cheese,coffee,,,
butter,jam,juice,yogurt,tea,
bread,flour,milk,juice,,
juice,fruit,,,,
sugar,chocolate,flour,,,
butter,juice,milk,jam,bread,
jam,yogurt,cheese,sugar,juice,cereal
juice,jam,fruit,yogurt,butter,cheese
chocolate,cereal,cheese,bread,sugar,
milk,eggs,fruit,,,
fruit,yogurt,butter,sugar,,
juice,,,,,
butter,chocolate,,,,
eggs,milk,cheese,juice,coffee,fruit
eggs,cheese,,,,
bread,milk,coffee,tea,fruit,
cereal,eggs,sugar,tea,juice,
cereal,tea,bread,,,
bread,chocolate,milk,flour,,
sugar,tea,fruit,chocolate,yogurt,
eggs,cheese,cereal,milk,,
cereal,coffee,flour,,,
sugar,butter,tea,yogurt,coffee,
yogurt,,,,,
sugar,flour,yogurt,bread,,
bread,eggs,yogurt,juice,fruit,
tea,,,,,
coffee,,,,,
sugar,bread,jam,fruit,,
fruit,chocolate,coffee,eggs,butter,tea
milk,yogurt,jam,flour,bread,eggs
cheese,,,,,
eggs,flour,yogurt,bread,cheese,juice
milk,bread,jam,coffee,chocolate,tea
chocolate,cereal,coffee,,,
jam,,,,,
milk,bread,flour,,,
cheese,yogurt,tea,,,
bread,jam,fruit,,,
cereal,,,,,
butter,,,,,
cheese,milk,coffee,flour,chocolate,
butter,milk,tea,chocolate,yogurt,juice
tea,butter,bread,,,
fruit,sugar,tea,bread,yogurt,
cereal,butter,coffee,,,
bread,,,,,
jam,cheese,yogurt,fruit,bread,coffee
eggs,chocolate,cheese,,,
eggs,bread,butter,,,
milk,,,,,
butter,,,,,
bread,jam,milk,,,
flour,eggs,juice,,,
cereal,flour,coffee,,,
bread,milk,chocolate,eggs,coffee,
cereal,fruit,milk,jam,,
yogurt,jam,coffee,cereal,sugar,milk
milk,yogurt,eggs,butter,jam,chocolate
juice,fruit,cereal,chocolate,yogurt,
eggs,butter,,,,
coffee,sugar,fruit,chocolate,milk,cereal
eggs,tea,yogurt,milk,sugar,
cereal,,,,,
fruit,eggs,jam,bread,cereal,
cereal,,,,,
juice,cereal,tea,sugar,fruit,
juice,coffee,eggs,cheese,flour,butter
cereal,coffee,yogurt,chocolate,tea,milk
jam,butter,,,,
butter,flour,chocolate,,,
jam,butter,milk,,,
jam,cereal,eggs,,,
bread,,,,,
eggs,butter,,,,
flour,bread,fruit,yogurt,chocolate,
coffee,milk,flour,juice,fruit,
eggs,,,,,
juice,eggs,,,,
cereal,tea,,,,
eggs,yogurt,bread,tea,,
sugar,milk,flour,,,
sugar,tea,coffee,,,
milk,sugar,butter,,,
butter,flour,juice,milk,yogurt,bread
eggs,butter,juice,fruit,bread,tea
sugar,milk,fruit,tea,cheese,
bread,,,,,
sugar,cheese,yogurt,jam,,
milk,eggs,yogurt,sugar,chocolate,
yogurt,,,,,
flour,fruit,juice,,,
bread,chocolate,butter,milk,yogurt,
juice,tea,,,,
cheese,,,,,
sugar,cheese,cereal,,,
eggs,yogurt,fruit,,,
cheese,jam,eggs,,,
coffee,tea,flour,bread,butter,
butter,cheese,cereal,jam,chocolate,
fruit,yogurt,bread,,,
bread,cereal,yogurt,sugar,coffee,juice
sugar,cereal,,,,
chocolate,butter,flour,jam,milk,
milk,,,,,
milk,tea,bread,,,
bread,yogurt,butter,coffee,,
tea,yogurt,,,,
fruit,juice,eggs,flour,bread,
chocolate,flour,bread,cheese,,
cheese,coffee,,,,
cheese,coffee,jam,,,
cheese,cereal,,,,
fruit,juice,jam,,,
yogurt,fruit,chocolate,jam,,
bread,chocolate,juice,tea,milk,butter
cereal,,,,,
coffee,eggs,,,,
butter,yogurt,tea,,,
chocolate,butter,,,,
juice,butter,flour,fruit,milk,yogurt
tea,,,,,
butter,cereal,bread,,,
milk,cheese,tea,coffee,cereal,
yogurt,milk,,,,
butter,cheese,coffee,,,
jam,yogurt,eggs,,,
fruit,butter,eggs,juice,chocolate,tea
coffee,,,,,
fruit,jam,milk,flour,,
yogurt,,,,,
jam,flour,yogurt,juice,,
bread,,,,,
tea,,,,,
chocolate,cheese,bread,coffee,,
bread,sugar,flour,cheese,butter,
butter,,,,,
butter,yogurt,cheese,,,
tea,cereal,yogurt,flour,,
jam,butter,cereal,bread,chocolate,eggs
tea,,,,,
yogurt,milk,eggs,,,
cereal,tea,bread,chocolate,fruit,
sugar,eggs,,,,
eggs,cereal,cheese,fruit,coffee,milk
fruit,jam,chocolate,coffee,,
butter,jam,flour,sugar,,
fruit,juice,jam,tea,,
coffee,eggs,milk,flour,bread,sugar
coffee,bread,cheese,,,
juice,eggs,tea,cereal,,
flour,jam,sugar,,,
butter,yogurt,,,,
chocolate,,,,,
butter,,,,,
tea,coffee,,,,
fruit,eggs,butter,flour,chocolate,
bread,,,,,
jam,coffee,eggs,yogurt,,
coffee,bread,yogurt,tea,,
tea,,,,,
tea,butter,jam,fruit,,
cereal,sugar,fruit,butter,eggs,
eggs,milk,yogurt,butter,flour,
bread,tea,yogurt,milk,jam,coffee
flour,fruit,,,,
fruit,flour,cereal,eggs,jam,
tea,cereal,fruit,flour,coffee,bread
butter,chocolate,bread,flour,,
bread,jam,,,,
cereal,tea,,,,
cheese,cereal,chocolate,coffee,eggs,jam
eggs,butter,juice,chocolate,flour,
bread,jam,,,,
juice,jam,eggs,,,
flour,fruit,cheese,cereal,,
flour,coffee,cheese,cereal,butter,
flour,,,,,
tea,flour,eggs,cereal,,
milk,flour,chocolate,,,
bread,yogurt,,,,
cereal,milk,eggs,jam,chocolate,
yogurt,eggs,,,,
milk,fruit,tea,eggs,cheese,yogurt
jam,coffee,chocolate,flour,bread,cheese
sugar,eggs,milk,flour,chocolate,yogurt
cereal,bread,coffee,flour,cheese,jam
bread,,,,,
sugar,coffee,,,,
tea,sugar,bread,eggs,cheese,
cereal,yogurt,chocolate,butter,bread,jam
yogurt,cereal,flour,butter,sugar,fruit
jam,fruit,tea,yogurt,,
bread,fruit,flour,tea,,
eggs,cereal,,,,
juice,milk,tea,eggs,coffee,fruit
tea,jam,juice,sugar,cereal,flour
juice,milk,sugar,,,
flour,coffee,fruit,,,
jam,eggs,cheese,yogurt,butter,
fruit,,,,,
sugar,cheese,milk,fruit,cereal,jam
jam,flour,cheese,fruit,coffee,
tea,yogurt,bread,,,
coffee,sugar,milk,flour,,
eggs,cereal,cheese,fruit,bread,tea
sugar,eggs,butter,cheese,flour,yogurt
eggs,,,,,
eggs,,,,,
tea,butter,bread,juice,eggs,
butter,sugar,chocolate,cereal,cheese,
tea,coffee,juice,chocolate,,
butter,,,,,
butter,,,,,
chocolate,coffee,cheese,fruit,butter,
bread,cheese,cereal,jam,,
bread,,,,,
flour,cheese,,,,
fruit,milk,,,,
jam,coffee,yogurt,,,
coffee,sugar,flour,,,
cereal,,,,,
cereal,juice,yogurt,bread,,
chocolate,cheese,milk,jam,sugar,bread
coffee,chocolate,eggs,fruit,,
butter,eggs,cereal,sugar,chocolate,tea
juice,flour,milk,chocolate,butter,
fruit,chocolate,flour,butter,tea,
bread,flour,milk,yogurt,butter,fruit
butter,coffee,tea,flour,,
flour,milk,tea,cheese,,
milk,bread,butter,flour,cereal,eggs
chocolate,,,,,
juice,cereal,jam,sugar,tea,
butter,eggs,jam,bread,tea,
flour,bread,chocolate,cheese,,
jam,milk,cereal,tea,bread,sugar
flour,,,,,
butter,cheese,tea,,,
yogurt,bread,chocolate,,,
bread,yogurt,sugar,tea,fruit,flour
eggs,tea,juice,sugar,butter,coffee
jam,yogurt,,,,
flour,cheese,juice,sugar,eggs,milk
jam,,,,,
milk,cheese,eggs,yogurt,bread,fruit
cereal,cheese,fruit,,,
butter,cereal,,,,
fruit,,,,,
eggs,milk,tea,fruit,sugar,
fruit,milk,tea,eggs,,
tea,flour,,,,
butter,,,,,
milk,butter,juice,cereal,fruit,
fruit,butter,,,,
sugar,yogurt,,,,
flour,,,,,
sugar,eggs,flour,jam,chocolate,bread
milk,jam,coffee,eggs,tea,
cereal,fruit,butter,,,
yogurt,fruit,tea,jam,milk,
cheese,milk,flour,,,
cheese,chocolate,,,,
flour,sugar,cheese,,,
juice,yogurt,flour,eggs,chocolate,
juice,sugar,,,,
chocolate,cheese,,,,
coffee,sugar,butter,,,
eggs,bread,,,,
jam,coffee,juice,tea,bread,fruit
eggs,butter,bread,jam,sugar,cereal
milk,tea,eggs,sugar,,
flour,butter,,,,
cheese,fruit,cereal,bread,coffee,
coffee,,,,,
juice,,,,,
eggs,yogurt,cheese,coffee,tea,
chocolate,fruit,,,,
juice,coffee,,,,
fruit,cereal,,,,
fruit,coffee,,,,
fruit,,,,,
tea,chocolate,cheese,eggs,,
jam,tea,milk,coffee,eggs,
bread,,,,,
cheese,bread,fruit,jam,chocolate,flour
cheese,flour,sugar,chocolate,,
flour,cereal,,,,
cereal,yogurt,bread,coffee,juice,butter
sugar,butter,flour,coffee,milk,yogurt
chocolate,milk,cereal,yogurt,tea,
cheese,flour,jam,,,
butter,cereal,,,,
chocolate,yogurt,bread,milk,coffee,flour
butter,fruit,juice,tea,bread,milk
cheese,eggs,,,,
chocolate,sugar,yogurt,tea,,
flour,cheese,sugar,milk,fruit,jam
milk,fruit,flour,cereal,coffee,butter
cereal,,,,,
juice,chocolate,jam,butter,cheese,
yogurt,butter,chocolate,bread,,
chocolate,butter,,,,
tea,coffee,sugar,jam,fruit,
butter,sugar,eggs,,,
eggs,flour,cheese,,,
butter,,,,,
sugar,eggs,juice,milk,yogurt,
tea,coffee,juice,cheese,,
butter,cheese,bread,chocolate,,
milk,eggs,cheese,coffee,,
yogurt,juice,milk,jam,chocolate,fruit
flour,bread,milk,chocolate,,
butter,juice,sugar,,,
eggs,cheese,sugar,cereal,chocolate,tea
eggs,tea,bread,,,
butter,cheese,bread,,,
juice,,,,,
fruit,,,,,
juice,flour,,,,
cereal,yogurt,milk,,,
cheese,,,,,
sugar,flour,,,,
bread,yogurt,tea,fruit,jam,chocolate
chocolate,butter,cheese,eggs,sugar,
eggs,flour,cereal,milk,tea,
cheese,milk,chocolate,butter,,
juice,milk,tea,jam,bread,
tea,yogurt,milk,fruit,cheese,
coffee,flour,bread,,,
yogurt,eggs,fruit,juice,flour,
eggs,,,,,
chocolate,bread,fruit,sugar,,
coffee,cereal,cheese,butter,bread,
juice,,,,,
coffee,cereal,jam,fruit,,
cheese,chocolate,,,,
bread,,,,,
sugar,,,,,
bread,butter,coffee,,,
eggs,cheese,milk,coffee,,
jam,chocolate,milk,,,
yogurt,,,,,
cereal,eggs,jam,,,
tea,eggs,milk,yogurt,butter,
eggs,tea,juice,milk,bread,flour
chocolate,jam,tea,bread,,
bread,eggs,cheese,flour,,
flour,tea,coffee,fruit,,
butter,juice,flour,,,
milk,yogurt,juice,,,
butter,,,,,
cereal,bread,flour,tea,milk,
jam,juice,bread,sugar,yogurt,milk
chocolate,cereal,cheese,,,
cereal,,,,,
bread,butter,cheese,eggs,,
coffee,fruit,,,,
bread,,,,,
yogurt,juice,tea,butter,,
sugar,milk,cheese,jam,tea,
butter,,,,,
flour,milk,chocolate,,,
tea,bread,,,,
juice,tea,jam,,,
juice,fruit,butter,eggs,tea,
juice,sugar,eggs,,,
jam,,,,,
sugar,coffee,flour,cereal,butter,yogurt
jam,eggs,,,,
bread,flour,jam,sugar,,
cereal,coffee,cheese,yogurt,flour,
milk,tea,flour,,,
chocolate,cereal,jam,,,
yogurt,bread,flour,fruit,,
fruit,flour,juice,tea,cereal,
tea,coffee,,,,
bread,butter,tea,,,
tea,,,,,
yogurt,jam,fruit,milk,coffee,eggs
yogurt,bread,,,,
chocolate,flour,,,,
bread,sugar,juice,tea,fruit,
jam,,,,,
eggs,chocolate,tea,flour,,
tea,butter,,,,
cereal,milk,tea,coffee,fruit,juice
cereal,eggs,,,,
coffee,sugar,chocolate,,,
butter,juice,,,,
eggs,chocolate,jam,,,
flour,coffee,cereal,jam,tea,eggs
sugar,,,,,
eggs,cereal,yogurt,tea,,
eggs,butter,flour,,,
fruit,chocolate,jam,cheese,,
bread,fruit,,,,
chocolate,sugar,tea,jam,fruit,cheese
fruit,milk,bread,flour,sugar,
coffee,juice,butter,,,
butter,chocolate,,,,
flour,,,,,
juice,tea,,,,
jam,fruit,eggs,,,
eggs,,,,,
juice,bread,cheese,,,
coffee,jam,,,,
eggs,cereal,sugar,jam,,
tea,cereal,milk,chocolate,,
cereal,butter,jam,sugar,,
bread,sugar,cereal,,,
bread,sugar,chocolate,,,
flour,,,,,
jam,milk,cheese,sugar,juice,coffee
flour,jam,tea,juice,,
eggs,coffee,chocolate,tea,,
eggs,milk,fruit,juice,,
sugar,tea,butter,,,
cereal,bread,juice,cheese,eggs,fruit
bread,milk,tea,,,
sugar,tea,yogurt,fruit,,
butter,eggs,,,,
coffee,tea,milk,,,
coffee,yogurt,,,,
jam,yogurt,butter,juice,,
bread,jam,,,,
juice,yogurt,tea,,,
cereal,,,,,
juice,chocolate,sugar,bread,flour,yogurt
sugar,,,,,
butter,yogurt,eggs,sugar,tea,juice
cereal,eggs,yogurt,coffee,,
cheese,tea,bread,eggs,,
coffee,milk,juice,,,
coffee,chocolate,milk,,,
cereal,flour,chocolate,sugar,milk,
